{"train_loss": [0.9729528427124023, 0.9545433521270752, 0.9510963559150696, 0.9487695693969727, 0.9473791718482971], "val_loss": [0.876213788986206, 0.8433574438095093, 0.8821804523468018, 0.875310480594635, 0.8704354763031006]}